Test ID,Study ID,Form,Field Type,Field,Field Value,Priority
1001,PROD,TPS,Main,Verbatim Term,ALPHA,8
1002,PROD,TPS,Main,Verbatim Term,ALPHA,8
1003,PROD,TPS,Main,Verbatim Term,ALPHA,8
1004,PROD,TPS,Main,Verbatim Term,ALPHA,8
1005,PROD,TPS,Main,Verbatim Term,BRAVO,8
1006,PROD,TPS,Main,Verbatim Term,BRAVO,8
1007,PROD,TPS,Main,Verbatim Term,BRAVO,8
1008,PROD,TPS,Main,Verbatim Term,CHARLIE,8
1009,PROD,TPS,Main,Verbatim Term,CHARLIE,8
1010,PROD,TPS,Main,Verbatim Term,DELTA,8
1011,PROD,TPS,Main,Verbatim Term,DELTA,8
1012,PROD,TPS,Main,Verbatim Term,ECHO,8
1013,PROD,TPS,Main,Verbatim Term,ECHO,8
1014,DEV,TPS,Main,Verbatim Term,ALPHA,1
1015,DEV,TPS,Main,Verbatim Term,ALPHA,1
1016,DEV,TPS,Main,Verbatim Term,BRAVO,1
1017,DEV,TPS,Main,Verbatim Term,BRAVO,1
1018,DEV,TPS,Main,Verbatim Term,CHARLIE,1
1019,DEV,TPS,Main,Verbatim Term,CHARLIE,1
1020,DEV,TPS,Main,Verbatim Term,DELTA,1
1021,DEV,TPS,Main,Verbatim Term,FOXTROT,1
